,City,Cloudiness,Country,Date,Humidity,Lat,Lng,Max Temp,Wind Speed
0,popondetta,100,PG,1569104867,92,-8.77,148.24,292.646,0.66
1,butaritari,0,KI,1569104868,60,3.07,172.79,302.646,4.24
2,vila franca do campo,20,PT,1569104869,77,37.72,-25.43,294.82,2.1
3,punta arenas,20,CL,1569104871,70,-53.16,-70.91,279.15,18.0
4,avarua,100,CK,1569104872,94,-21.21,-159.78,295.15,1.5
5,tuktoyaktuk,90,CA,1569104873,81,69.44,-133.03,280.15,7.2
6,cape town,75,ZA,1569104990,82,-33.93,18.42,288.15,1.5
7,las cruces,0,CL,1569104809,67,-33.5,-71.62,292.15,4.1
8,kodiak,90,US,1569104877,78,39.95,-94.76,299.26,8.2
9,geraldton,90,CA,1569104878,93,49.72,-86.95,292.15,4.6
10,rocha,0,UY,1569104666,70,-34.48,-54.34,287.846,4.67
11,lavrentiya,63,RU,1569104881,68,65.58,-170.99,272.546,1.21
12,junagarh,0,IN,1569104882,87,19.86,82.94,296.746,0.68
13,nizip,0,TR,1569104883,36,37.01,37.79,291.15,4.1
14,am timan,93,TD,1569104884,74,11.04,20.28,298.246,1.81
15,arraial do cabo,90,BR,1569104794,94,-22.97,-42.02,296.15,4.6
16,esperance,75,AU,1569104887,100,-33.86,121.89,281.15,2.1
17,barrow,59,AR,1569104888,52,-38.31,-60.23,284.146,5.91
18,albany,20,US,1569104627,39,42.65,-73.75,300.37,2.1
19,mataura,7,NZ,1569104891,86,-46.19,168.86,279.446,2.4
20,rikitea,44,PF,1569104892,88,-23.12,-134.97,296.646,3.47
21,bluff,0,AU,1569104895,82,-23.58,149.07,290.046,3.43
22,jamestown,32,AU,1569105115,81,-33.21,138.6,282.9,5.4
23,broome,0,GB,1569104897,82,52.47,1.45,291.48,3.6
24,faanui,94,PF,1569104899,84,-16.48,-151.75,299.946,6.31
25,ushuaia,90,AR,1569104901,96,-54.81,-68.31,274.15,1.5
26,narsaq,100,GL,1569104902,93,60.91,-46.05,277.15,0.59
27,grindavik,75,IS,1569104903,81,63.84,-22.43,286.15,6.7
28,torbay,90,CA,1569104905,81,47.66,-52.73,281.48,5.7
29,kirchhain,0,DE,1569104906,76,50.82,8.92,283.15,1.0
30,alofi,97,NU,1569104730,83,-19.06,-169.92,295.15,6.7
31,iqaluit,75,CA,1569104910,74,63.75,-68.52,277.15,10.3
32,bahia blanca,0,AR,1569104816,30,-38.72,-62.27,288.146,5.49
33,inirida,76,CO,1569104912,76,3.87,-67.92,302.546,1.74
34,walvis bay,93,NA,1569104913,82,-22.95,14.51,287.59,1.5
35,qaanaaq,25,GL,1569104915,45,77.48,-69.36,268.046,2.67
36,kahului,40,US,1569104917,58,20.89,-156.47,304.15,7.7
37,pisco,0,PE,1569104918,30,-13.71,-76.2,295.15,2.6
38,padilla,75,CO,1569104921,54,3.23,-76.31,301.15,4.6
39,fortuna,20,US,1569104922,72,40.6,-124.16,300.37,6.7
40,san patricio,0,PY,1569104923,51,-26.98,-56.83,292.346,2.84
41,yellowknife,75,CA,1569104910,71,62.45,-114.38,287.04,8.7
42,shimoda,67,JP,1569104926,78,34.7,138.93,295.93,0.89
43,westport,1,US,1569104783,60,41.14,-73.36,299.26,3.1
44,dunmore town,100,BS,1569104928,81,25.5,-76.65,300.446,12.88
45,grand gaube,75,MU,1569104930,77,-20.01,57.66,294.15,7.7
46,alyangula,21,AU,1569104931,94,-13.85,136.42,295.15,3.83
47,dom pedrito,0,BR,1569104932,60,-30.98,-54.67,288.546,2.08
48,codrington,0,AU,1569104934,77,-28.95,153.24,294.82,2.1
49,lorengau,33,PG,1569104935,82,-2.02,147.27,300.046,3.4
50,nome,40,US,1569104936,55,30.04,-94.42,305.37,3.6
51,port alfred,100,ZA,1569104938,84,-33.59,26.89,289.82,1.34
52,buta,93,CD,1569104939,87,2.79,24.73,295.446,0.36
53,mahebourg,75,MU,1569104940,77,-20.41,57.7,294.15,7.7
54,viking,68,CA,1569104942,59,53.1,-111.78,289.046,5.18
55,aldama,44,MX,1569104943,69,22.92,-98.09,307.59,2.24
56,banjar,100,ID,1569104944,97,-7.37,108.54,293.346,0.47
57,provideniya,49,RU,1569104697,63,64.42,-173.23,273.746,1.77
58,chumikan,0,RU,1569104947,95,54.72,135.31,273.446,2.06
59,hermanus,8,ZA,1569104948,88,-34.42,19.24,285.93,4.85
60,cabo san lucas,75,MX,1569104866,70,22.89,-109.91,304.26,8.7
61,cherskiy,100,RU,1569104950,86,68.75,161.3,272.446,4.48
62,bredasdorp,23,ZA,1569104952,81,-34.53,20.04,284.15,3.6
63,esmeraldas,0,BR,1569104953,45,-19.76,-44.31,303.15,4.6
64,maturin,85,VE,1569104954,84,9.75,-63.18,300.446,1.03
65,port said,0,EG,1569104957,30,25.34,30.55,299.746,4.68
66,bartica,75,GY,1569104958,88,6.41,-58.62,301.15,1.0
67,sorland,12,NO,1569104959,63,67.67,12.69,280.646,5.64
68,hay river,75,CA,1569104960,49,60.82,-115.79,293.15,3.6
69,busselton,0,AU,1569104962,70,-33.64,115.35,276.48,5.57
70,luanda,40,AO,1569105424,88,-8.83,13.24,296.15,3.1
71,adrar,0,DZ,1569104964,13,27.87,-0.29,306.15,3.09
72,bambous virieux,75,MU,1569104967,77,-20.34,57.76,294.15,7.7
73,zhucheng,0,CN,1569104968,77,30.85,114.8,290.15,2.0
74,maxixe,0,MZ,1569104969,95,-23.86,35.35,290.646,2.41
75,zhaoyuan,0,CN,1569104971,61,45.52,125.08,282.246,2.44
76,sao paulo de olivenca,6,BR,1569104972,51,-3.38,-68.87,305.346,1.24
77,knysna,100,ZA,1569104973,76,-34.04,23.05,287.15,6.2
78,puerto ayora,75,EC,1569104975,53,-0.74,-90.35,297.15,7.7
79,atuona,4,PF,1569104976,76,-9.8,-139.03,300.146,10.19
80,opunake,95,NZ,1569104977,62,-39.45,173.86,287.04,1.79
81,tasiilaq,100,GL,1569104979,75,65.61,-37.64,279.15,10.8
82,bitung,20,ID,1569104980,94,1.44,125.19,295.15,0.5
83,baykit,100,RU,1569104984,93,61.68,96.39,276.446,3.72
84,saldanha,100,PT,1569104801,91,41.42,-6.55,289.446,1.89
85,new norfolk,20,AU,1569104986,84,-42.78,147.06,283.71,7.2
86,vaini,87,IN,1569104988,96,15.34,74.49,296.646,1.24
87,nhulunbuy,38,AU,1569104989,88,-12.18,136.78,297.15,2.6
88,port elizabeth,1,US,1569104990,47,39.31,-74.98,301.48,2.6
89,taltal,0,CL,1569104992,67,-25.41,-70.49,287.546,1.63
90,namibe,100,AO,1569104995,84,-15.19,12.15,291.846,4.45
91,arman,100,RU,1569104997,98,59.7,150.17,277.546,1.39
92,chokurdakh,5,RU,1569104998,84,70.62,147.9,269.646,2.51
93,dikson,100,RU,1569104999,96,73.51,80.55,276.046,8.94
94,sicamous,75,CA,1569105001,59,50.84,-118.99,295.37,3.6
95,kruisfontein,100,ZA,1569104940,83,-34.0,24.73,286.946,8.04
96,praya,20,ID,1569105007,94,-8.71,116.27,294.15,5.56
97,houma,0,CN,1569105010,50,35.63,111.36,291.6,1.27
98,sibolga,82,ID,1569105012,85,1.74,98.78,299.9,5.2
99,airai,67,TL,1569105013,42,-8.93,125.41,301.1,1.12
100,qasigiannguit,100,GL,1569105014,56,68.82,-51.19,280.15,6.7
101,abu zabad,47,SD,1569105016,76,12.35,29.25,297.9,4.8
102,tocopilla,73,CL,1569105017,83,-22.09,-70.2,287.3,1.9
103,itaqui,0,BR,1569105018,63,-29.13,-56.55,285.6,3.26
104,quelimane,0,MZ,1569105021,83,-17.88,36.89,295.15,1.5
105,nioro,81,GM,1569105022,70,13.79,-15.05,300.6,2.47
106,hobart,20,AU,1569104858,84,-42.88,147.33,283.71,7.2
107,yeroham,37,IL,1569105025,83,30.99,34.93,293.15,1.4
108,madimba,75,CM,1569105026,100,4.42,9.93,296.15,2.1
109,shaunavon,6,CA,1569104839,38,49.65,-108.41,289.546,5.32
110,upernavik,100,GL,1569105028,71,72.79,-56.15,276.2,2.0
111,naryan-mar,64,RU,1569105030,87,67.67,53.09,272.6,1.28
112,kapaa,20,US,1569105031,62,22.08,-159.32,304.15,8.2
113,mar del plata,63,AR,1569105032,37,-46.43,-67.52,282.3,6.0
114,cayenne,0,GF,1569105035,78,4.94,-52.33,301.15,5.1
115,nikolskoye,75,RU,1569105036,81,59.7,30.79,279.26,4.0
116,pando,0,UY,1569105037,41,-34.72,-55.96,292.04,3.6
117,cidreira,0,BR,1569105039,68,-30.17,-50.22,286.3,1.6
118,kudahuvadhoo,100,MV,1569105040,76,2.67,72.89,300.4,6.57
119,ilulissat,100,GL,1569105042,56,69.22,-51.1,280.15,6.7
120,amsterdam,0,NL,1569104964,59,52.37,4.89,291.48,4.1
121,saint-philippe,1,CA,1569105045,61,45.36,-73.48,299.26,2.1
122,scunthorpe,40,GB,1569105046,93,53.59,-0.65,288.71,1.5
123,bethel,90,US,1569105048,87,60.79,-161.76,281.15,10.3
124,nuuk,98,GL,1569105024,93,64.17,-51.74,277.04,5.81
125,hamilton,20,CA,1569104979,69,43.26,-79.87,302.04,4.6
126,castro,90,CL,1569105053,70,-42.48,-73.76,282.15,1.5
127,pangnirtung,15,CA,1569105055,74,66.15,-65.72,270.9,1.19
128,yantai,0,CN,1569105056,51,37.53,121.39,298.71,8.04
129,khatanga,100,RU,1569105057,89,71.98,102.47,277.4,7.64
130,leshukonskoye,19,RU,1569105059,97,64.9,45.76,271.6,1.84
131,hithadhoo,100,MV,1569105060,74,-0.6,73.08,300.6,5.36
132,sur,2,OM,1569105061,55,22.57,59.53,299.7,4.96
133,aklavik,90,CA,1569105063,93,68.22,-135.01,281.15,2.6
134,hibbing,75,US,1569104821,83,47.43,-92.94,297.15,4.1
135,wajir,28,KE,1569105065,76,1.75,40.07,295.4,6.14
136,petropavlovka,65,RU,1569105066,94,50.61,105.32,280.7,2.59
137,honningsvag,75,NO,1569105068,86,70.98,25.97,277.15,7.2
138,beringovskiy,0,RU,1569105069,49,63.05,179.32,276.7,9.01
139,kinna,90,SE,1569105071,100,57.51,12.69,287.04,3.6
140,hami,0,CN,1569105072,20,42.84,93.51,291.5,0.88
141,santa cruz,22,BR,1569104859,65,-6.22,-36.02,297.946,7.95
142,chuy,0,UY,1569105074,74,-33.69,-53.46,286.3,4.18
143,bull savanna,51,JM,1569105076,66,17.89,-77.59,302.8,1.69
144,karratha,0,AU,1569105077,12,-20.74,116.85,293.8,9.94
145,vestmannaeyjar,92,IS,1569105078,84,63.44,-20.27,284.0,10.4
146,acajutla,62,SV,1569105080,67,13.59,-89.83,301.2,0.5
147,porto torres,0,IT,1569105081,61,40.84,8.4,300.15,2.1
148,show low,1,US,1569105075,10,34.25,-110.03,300.15,9.8
149,severo-kurilsk,48,RU,1569105084,82,50.68,156.12,281.9,6.72
150,turukhansk,97,RU,1569105085,79,65.8,87.96,274.6,7.36
151,leningradskiy,100,RU,1569105087,89,69.38,178.42,273.7,8.13
152,ponta do sol,97,BR,1569105089,45,-20.63,-46.0,299.2,2.29
153,tucuman,34,PE,1569105091,35,-17.17,-70.89,287.6,1.28
154,touros,40,BR,1569105093,78,-5.2,-35.46,297.15,5.7
155,isangel,75,VU,1569105097,54,-19.55,169.27,300.15,7.2
156,sambava,10,MG,1569105099,86,-14.27,50.17,290.2,1.59
157,caravelas,0,BR,1569105100,77,-17.73,-39.27,295.7,3.64
158,east london,53,ZA,1569105101,83,-33.02,27.91,287.1,3.72
159,tessalit,0,ML,1569105103,9,20.2,1.01,305.1,5.45
160,kirakira,75,SB,1569105105,81,-10.46,161.92,300.5,4.95
161,chara,0,GR,1569105107,82,39.42,22.43,286.15,0.69
162,kamenka,100,MD,1569105108,70,48.03,28.7,284.82,3.76
163,sao joao da barra,0,BR,1569105109,69,-21.64,-41.05,299.15,7.2
164,kalianget,20,ID,1569105111,73,-7.35,109.91,297.15,1.0
165,alta floresta,0,BR,1569105112,78,-9.87,-56.08,301.15,2.6
166,baruun-urt,0,MN,1569105113,44,46.68,113.28,285.8,4.23
167,kyren,93,RU,1569105115,91,51.68,102.13,277.4,2.37
168,vertientes,40,CU,1569105116,66,21.26,-78.15,304.15,2.6
169,san cristobal,51,HN,1569104971,68,14.68,-86.92,300.046,1.32
170,namtsy,0,RU,1569105119,92,62.72,129.66,273.15,3.0
171,chabahar,0,IR,1569105120,75,25.29,60.65,297.5,0.91
172,batagay-alyta,100,RU,1569105121,82,67.8,130.41,269.8,2.2
173,carnarvon,100,ZA,1569104991,29,-30.97,22.13,287.546,6.86
174,mora,46,PT,1569105124,100,38.94,-8.17,288.71,1.48
175,goma,94,CD,1569105125,86,-1.67,29.23,286.7,0.21
176,mantua,0,IT,1569105127,76,45.16,10.79,290.37,1.5
177,dhidhdhoo,100,MV,1569105128,80,6.88,73.1,301.1,5.66
178,thompson,90,CA,1569105132,76,55.74,-97.86,287.15,5.1
179,iisalmi,0,FI,1569105133,96,63.56,27.19,275.15,5.7
180,sandwick,53,GB,1569105134,57,54.57,-2.89,292.04,1.34
181,panama city,1,US,1569104855,38,30.16,-85.65,304.15,3.6
182,havoysund,75,NO,1569105137,86,71.0,24.66,276.15,12.3
183,kloulklubed,75,PW,1569105572,94,7.04,134.26,299.15,2.84
184,salantai,11,LT,1569105575,100,56.06,21.57,286.15,1.0
185,guane,100,CU,1569105576,77,22.2,-84.09,301.8,10.86
186,souillac,0,FR,1569105578,88,45.6,-0.6,294.26,4.1
187,glyadyanskoye,100,RU,1569105579,98,54.91,65.09,282.3,3.41
188,college,90,US,1569105581,86,64.86,-147.8,278.15,5.7
189,nanortalik,98,GL,1569105582,91,60.14,-45.24,277.9,2.6
190,bonfim,61,GY,1569105584,65,3.36,-59.84,301.4,3.2
191,palmer,75,AU,1569105585,87,-34.85,139.16,284.82,3.6
192,sorong,81,ID,1569105586,79,-0.86,131.25,299.6,3.01
193,kimbe,45,PG,1569105588,62,-5.56,150.15,303.4,1.46
194,dunedin,5,NZ,1569105361,72,-45.87,170.5,284.82,4.02
195,amazar,7,RU,1569105590,83,53.86,120.88,282.4,1.87
196,yulara,0,AU,1569105593,42,-25.24,130.99,282.15,4.6
197,saskylakh,66,RU,1569105594,94,71.97,114.09,276.2,4.15
198,umuarama,0,BR,1569105595,60,-23.76,-53.31,296.1,4.73
199,bundaberg,40,AU,1569105598,60,-24.87,152.35,297.59,4.6
200,raver,100,IN,1569105599,90,21.25,76.04,296.0,0.92
201,pevek,100,RU,1569105600,96,69.7,170.27,274.5,6.53
202,ambon,0,FR,1569105602,82,47.55,-2.56,292.04,3.6
203,teya,75,MX,1569105605,62,21.05,-89.07,305.15,2.1
204,santa isabel do rio negro,52,BR,1569105606,84,-0.41,-65.02,298.2,0.9
205,revelstoke,75,CA,1569105611,59,50.99,-118.19,291.15,3.6
206,quatre cocos,75,MU,1569105613,77,-20.21,57.76,294.15,7.7
207,nizwa,0,OM,1569105614,50,22.93,57.53,296.7,0.59
208,glogow,0,PL,1569105617,84,51.66,16.08,283.71,1.3
209,morlaix,90,FR,1569105618,93,48.58,-3.83,292.15,4.1
210,raudeberg,0,NO,1569105619,93,61.99,5.14,285.93,3.1
211,kyaikkami,83,MM,1569105620,80,16.08,97.57,299.8,4.73
212,aquiraz,75,BR,1569105622,74,-3.9,-38.39,300.15,5.1
213,susanville,1,US,1569105624,37,40.42,-120.65,292.59,2.6
214,port macquarie,75,AU,1569105529,88,-31.43,152.91,295.93,2.6
215,kailua,75,US,1569105627,65,21.39,-157.74,304.26,6.2
216,bairnsdale,63,AU,1569105628,77,-37.83,147.63,284.26,4.39
217,shenkursk,100,RU,1569105629,98,62.11,42.91,275.8,1.25
218,garowe,42,SO,1569105631,63,8.41,48.48,297.2,12.67
219,guarapari,40,BR,1569105632,73,-20.67,-40.5,298.15,4.6
220,muhos,0,FI,1569105633,80,64.81,26.0,277.15,3.1
221,visnes,16,NO,1569105635,93,59.36,5.22,284.82,1.0
222,batticaloa,100,LK,1569105636,90,7.71,81.69,297.9,1.32
223,naze,96,NG,1569105637,95,5.43,7.07,296.8,1.37
224,clyde river,90,CA,1569105639,97,70.47,-68.59,273.15,11.3
225,north myrtle beach,1,US,1569105640,44,33.83,-78.68,299.26,2.6
226,husavik,100,CA,1569105641,97,50.56,-96.99,288.71,2.68
227,westerly,1,US,1569105643,64,41.38,-71.83,298.15,2.6
228,klaksvik,0,FO,1569105644,100,62.23,-6.59,282.15,2.1
229,lebu,100,ET,1569105645,98,8.96,38.73,285.6,1.78
230,shakawe,2,BW,1569105647,14,-18.36,21.84,291.2,1.75
231,trinidad,45,BO,1569105510,57,-14.83,-64.9,300.15,1.5
232,sinnamary,0,GF,1569105650,83,5.38,-52.96,300.6,9.68
233,kungurtug,62,RU,1569105652,64,50.6,97.53,279.4,0.96
234,ribeira grande,40,PT,1569105653,73,38.52,-28.7,295.15,4.1
235,peniche,20,PT,1569105655,93,39.36,-9.38,290.37,2.1
236,shar,44,NG,1569105656,90,7.3,8.73,296.7,2.02
237,uray,68,RU,1569105657,97,60.13,64.8,276.2,2.95
238,goundam,82,ML,1569105658,25,16.42,-3.66,309.1,1.74
239,coquimbo,0,CL,1569105661,76,-29.95,-71.34,286.15,6.7
240,saint-augustin,20,CA,1569105662,64,45.63,-73.98,298.15,2.6
241,axim,65,GH,1569105663,90,4.87,-2.24,297.8,3.19
242,longyearbyen,40,NO,1569105473,69,78.22,15.63,274.15,3.6
243,shelburne,20,CA,1569105666,61,44.08,-80.2,300.37,5.1
244,cairo,0,EG,1569105581,73,30.05,31.24,298.15,3.1
245,harrismith,1,ZA,1569105668,32,-28.27,29.13,284.4,2.7
246,mount gambier,75,AU,1569105670,93,-37.83,140.78,279.15,5.1
247,san luis,0,AR,1569105611,16,-33.3,-66.34,290.3,6.45
248,lincoln,40,GB,1569105429,76,53.23,-0.54,289.15,4.1
249,esmeralda,0,CL,1569105674,87,-34.33,-70.9,293.15,3.6
250,gorele,75,TR,1569105676,67,41.03,39.0,288.15,3.1
251,danielskuil,0,ZA,1569105677,49,-28.19,23.54,284.9,3.61
252,gizo,40,IL,1569105678,69,31.8,34.94,298.15,2.1
253,nemuro,100,JP,1569105680,84,43.32,145.57,289.8,7.97
254,kropotkin,0,RU,1569105681,56,45.43,40.58,284.82,4.99
255,tiverton,20,GB,1569105683,88,50.9,-3.49,291.48,5.1
256,oromocto,75,CA,1569105684,45,45.85,-66.47,292.15,3.1
257,tautira,40,PF,1569105685,70,-17.73,-149.15,302.15,7.2
258,victor harbor,75,AU,1569105687,87,-35.55,138.62,284.82,3.6
259,warkworth,1,NZ,1569105688,72,-36.4,174.66,290.37,5.7
260,oranjemund,0,ZA,1569105690,90,-28.55,16.43,286.1,5.97
261,yarada,12,IN,1569105692,88,17.65,83.27,298.4,2.33
262,stykkisholmur,100,IS,1569105693,83,65.08,-22.73,282.6,4.07
263,salalah,75,OM,1569105694,78,17.01,54.1,299.15,1.5
264,mayo,75,CA,1569105696,58,63.59,-135.9,288.15,2.6
265,rio pomba,0,BR,1569105697,57,-21.28,-43.18,297.15,2.1
266,alexandria,0,RO,1569105670,70,43.97,25.33,278.71,1.89
267,yushu,0,CN,1569105700,65,44.84,126.53,285.5,2.33
268,bogovarovo,93,RU,1569105701,95,58.98,47.02,273.2,1.61
269,labuhan,25,ID,1569105703,67,-2.54,115.51,300.4,0.83
270,isiro,66,CD,1569105705,97,2.77,27.62,292.0,0.74
271,evensk,51,RU,1569105706,45,61.92,159.24,280.0,0.2
272,aswan,0,EG,1569105707,22,24.09,32.9,300.8,5.69
273,arkhara,16,RU,1569105709,79,49.42,130.09,283.1,2.27
274,waynesboro,1,US,1569105710,33,35.32,-87.76,305.15,3.1
275,kapit,94,MY,1569105712,87,2.02,112.94,297.9,0.76
276,shawnee,40,US,1569105475,66,35.33,-96.93,303.15,7.2
277,sirjan,0,IR,1569105714,55,29.44,55.67,291.1,2.25
278,praia,0,BR,1569105716,39,-20.25,-43.81,302.15,6.7
279,komsomolets,82,RU,1569105717,81,52.77,41.29,276.6,3.65
280,remontnoye,0,RU,1569105718,75,46.56,43.66,280.15,7.0
281,jasper,1,US,1569105617,33,33.83,-87.28,304.15,2.1
282,phan thiet,100,VN,1569105721,95,10.93,108.1,296.2,0.86
283,malanje,82,AO,1569105722,66,-9.54,16.35,294.3,3.41
284,pervomayskoye,100,RU,1569105725,90,57.07,86.23,278.2,2.48
285,iranshahr,0,IR,1569105728,41,27.21,60.69,295.2,1.13
286,mamlyutka,100,KZ,1569105729,69,54.94,68.54,284.1,7.62
287,salym,89,RU,1569105731,78,60.06,71.48,277.1,3.73
288,iskateley,64,RU,1569105733,87,67.68,53.15,272.6,1.28
289,ondjiva,32,AO,1569105734,17,-17.07,15.73,291.2,1.95
290,vanavara,23,RU,1569105736,93,60.35,102.28,276.1,3.38
291,buala,48,SB,1569105737,71,-8.15,159.59,301.9,6.14
292,te anau,8,NZ,1569105738,74,-45.41,167.72,281.7,3.57
293,kununurra,40,AU,1569105739,83,-15.77,128.74,295.15,2.1
294,ginir,19,ET,1569105741,80,7.14,40.71,288.2,2.62
295,katsuura,75,JP,1569105742,83,33.93,134.5,297.15,5.1
296,macapa,20,BR,1569105743,79,0.05,-51.07,302.15,6.2
297,nelson bay,100,AU,1569105744,88,-32.72,152.14,292.04,3.1
298,ringebu,0,NO,1569105746,67,61.53,10.14,283.15,2.68
299,kidal,0,ML,1569105747,9,18.44,1.41,305.9,4.27
300,laguna,20,BZ,1569105714,66,16.17,-88.94,304.15,3.1
301,nova russas,0,BR,1569105749,39,-4.71,-40.57,298.4,3.1
302,hammerfest,75,NO,1569105751,86,70.66,23.68,276.15,12.3
303,hilo,1,US,1569105752,62,19.71,-155.08,303.15,3.6
304,nanning,0,CN,1569105754,73,22.83,108.3,295.15,3.0
305,riyadh,0,SA,1569105726,26,24.63,46.72,301.15,1.94
306,norman wells,75,CA,1569105757,82,65.28,-126.83,286.15,1.5
307,beloha,0,MG,1569105758,61,-25.17,45.06,293.8,4.61
308,bathsheba,75,BB,1569105760,83,13.22,-59.52,300.15,13.4
309,little current,1,CA,1569105566,83,45.98,-81.93,295.15,5.1
310,hasaki,20,JP,1569105762,88,35.73,140.83,294.26,4.1
311,durusu,0,TR,1569105763,39,37.53,40.83,291.15,5.1
312,monrovia,75,LR,1569105765,94,6.33,-10.8,298.15,3.04
313,tiznit,14,MA,1569105767,91,29.7,-9.73,293.1,2.62
314,puerto lleras,40,CO,1569105768,66,8.16,-72.46,302.15,4.6
315,tiarei,40,PF,1569105770,70,-17.53,-149.33,302.15,7.2
316,makakilo city,75,US,1569105771,65,21.35,-158.09,304.26,6.2
317,luang prabang,0,LA,1569105773,86,19.89,102.14,292.3,0.96
318,margate,20,AU,1569105774,66,-43.03,147.26,284.82,7.2
319,freeport,90,BS,1569105742,79,26.54,-78.7,299.2,11.9
320,cabedelo,40,BR,1569105777,94,-6.97,-34.84,297.15,3.6
321,san quintin,45,PH,1569105778,77,17.54,120.52,295.8,2.0
322,ventspils,0,LV,1569105779,82,57.39,21.56,288.15,5.1
323,lumby,1,CA,1569105780,49,50.25,-118.97,294.26,2.1
324,gat,95,SN,1569105782,74,14.69,-16.54,302.15,2.1
325,batagay,50,RU,1569105783,62,67.65,134.64,276.3,2.23
326,green river,1,US,1569105785,30,41.53,-109.47,287.15,5.1
327,wiehl,0,DE,1569105788,50,50.95,7.55,290.37,1.5
328,cotonou,40,BJ,1569105789,94,6.37,2.43,299.15,2.1
329,sladkovo,100,RU,1569105790,73,55.53,70.34,283.3,8.16
330,port hardy,90,CA,1569105727,82,50.7,-127.42,288.15,8.2
331,tshikapa,25,CD,1569105793,84,-6.42,20.79,295.2,1.33
332,carauari,68,BR,1569105794,65,-4.88,-66.9,301.4,1.86
333,mnogovershinnyy,90,RU,1569105795,71,53.94,139.92,282.3,9.13
334,chapais,1,CA,1569105797,60,49.78,-74.86,294.15,3.6
335,coahuayana,8,MX,1569105798,79,18.62,-100.35,299.9,0.93
336,talnakh,75,RU,1569105799,93,69.49,88.39,276.15,12.0
337,aasiaat,100,GL,1569105801,82,68.71,-52.87,278.2,7.64
338,zhigansk,100,RU,1569105802,92,66.77,123.37,277.8,7.38
339,neuquen,0,AR,1569105803,20,-38.95,-68.06,293.71,2.6
340,port-cartier,40,CA,1569105805,71,50.03,-66.88,284.82,1.5
341,rock springs,1,US,1569105709,30,41.59,-109.2,287.15,5.1
342,buhovo,0,BG,1569105807,65,42.76,23.57,280.15,2.6
343,ler,75,NO,1569105808,87,63.2,10.3,285.93,4.6
344,qandala,10,SO,1569105811,76,11.47,49.87,302.6,4.87
345,santa rosa,0,AR,1569105812,35,-36.62,-64.29,284.0,3.19
346,kerrville,75,US,1569105751,46,30.05,-99.14,306.15,6.2
347,stjordalshalsen,75,NO,1569105814,87,63.47,10.93,285.93,4.6
348,nabire,98,ID,1569105816,75,-3.36,135.5,296.9,1.34
349,lesosibirsk,81,RU,1569105817,95,58.22,92.49,276.6,1.95
350,kobryn,59,BY,1569105818,93,52.21,24.36,283.4,4.27
351,acapulco,40,MX,1569105819,74,16.86,-99.88,303.15,2.1
352,ahipara,1,NZ,1569105789,84,-35.17,173.16,293.15,3.85
353,qaqortoq,98,GL,1569105822,93,60.72,-46.03,277.15,0.9
354,verkh-usugli,1,RU,1569105824,70,52.7,115.17,285.5,2.83
355,georgetown,75,GY,1569105826,79,6.8,-58.16,302.15,5.1
356,bagli,100,IN,1569105827,97,22.64,76.35,295.3,1.73
357,turan,95,RU,1569105828,80,52.15,93.92,278.5,0.43
358,dawlatabad,0,AF,1569105830,55,36.41,64.91,290.8,0.82
359,aranos,46,NA,1569105831,37,-24.14,19.11,291.1,5.72
360,meulaboh,99,ID,1569105832,82,4.14,96.13,299.7,1.53
361,palu,45,ID,1569105834,67,-0.9,119.87,300.2,0.91
362,sukabumi,72,ID,1569105835,82,-6.92,106.93,295.7,1.9
363,illescas,75,ES,1569105836,88,40.12,-3.85,292.04,1.0
364,alamosa,1,US,1569105838,11,37.47,-105.87,295.15,8.7
365,kawalu,98,ID,1569105839,89,-7.38,108.21,293.2,1.97
366,necochea,10,AR,1569105840,74,-38.55,-58.74,282.04,3.58
367,khorramabad,0,IR,1569105842,35,33.48,48.35,295.15,2.1
368,ivrea,75,IT,1569105843,82,45.47,7.87,290.93,1.0
369,emerald,0,AU,1569105844,73,-23.53,148.16,294.15,6.2
370,wewak,100,PG,1569105845,83,-3.55,143.63,299.4,1.34
371,saint-junien,0,FR,1569105847,72,45.89,0.9,293.15,6.2
372,nouadhibou,0,MR,1569105849,78,20.93,-17.03,295.15,6.2
373,kapra,75,IN,1569105850,88,17.48,78.56,297.59,2.1
374,novyy urengoy,2,RU,1569105852,85,66.08,76.63,273.5,6.97
375,bandarbeyla,83,SO,1569105853,73,9.49,50.81,297.3,7.34
376,smirnykh,93,RU,1569105854,73,49.74,142.83,284.3,1.68
377,bagdarin,35,RU,1569105857,70,54.44,113.59,283.1,1.57
378,oskemen,67,KZ,1569105858,86,49.96,82.61,278.15,1.18
379,cockburn town,40,TC,1569105859,66,21.46,-71.14,304.15,2.6
380,ambovombe,0,MG,1569105860,81,-25.18,46.09,294.4,13.04
381,pitsunda,20,GE,1569105863,87,43.16,40.34,282.15,4.0
382,misratah,0,LY,1569105864,82,32.38,15.09,298.4,7.08
383,grosseto,79,IT,1569105866,85,42.76,11.11,296.48,1.05
384,uyuni,18,BO,1569105867,17,-20.46,-66.82,286.0,4.67
385,portland,20,US,1569105791,64,43.66,-70.25,298.15,4.6
386,ocos,75,GT,1569105871,94,14.51,-92.19,304.15,3.1
387,jaciara,93,BR,1569105872,60,-15.95,-54.98,300.4,1.69
388,sehithwa,0,BW,1569105873,13,-20.47,22.7,291.4,1.63
389,nalut,39,LY,1569105875,32,31.86,10.98,301.6,3.17
390,mareeba,40,AU,1569105876,69,-16.99,145.42,299.26,5.1
391,diego de almagro,0,CL,1569105877,85,-26.39,-70.05,281.9,0.38
392,poshekhonye,100,RU,1569105878,96,58.5,39.12,277.9,1.16
393,okitipupa,61,NG,1569105880,97,6.5,4.78,297.2,1.16
394,half moon bay,5,US,1569105881,22,37.46,-122.43,304.26,3.1
395,puerto asis,40,CO,1569105882,70,0.51,-76.5,302.15,2.6
396,magistralnyy,40,RU,1569105885,90,56.17,107.45,279.2,2.52
397,tonala,40,MX,1569105886,34,20.62,-103.23,304.26,2.6
398,saint george,0,GR,1569105887,82,39.45,22.34,286.15,0.69
399,dagda,94,LV,1569105888,95,56.09,27.54,281.1,4.51
400,adiake,20,CI,1569105890,94,5.29,-3.3,298.15,3.6
401,kavaratti,50,IN,1569105891,78,10.57,72.64,300.7,4.0
402,ihosy,64,MG,1569105893,87,-22.4,46.13,286.9,5.16
403,nakhon phanom,35,LA,1569105805,82,17.4,104.79,296.0,0.53
404,mirnyy,100,RU,1569105896,95,56.57,36.46,278.7,2.78
405,sira,100,IN,1569105897,82,13.74,76.91,295.5,2.57
406,ponta delgada,20,PT,1569105899,77,37.73,-25.67,294.82,2.1
407,ostersund,100,SE,1569105900,93,63.18,14.64,282.59,5.1
408,ancud,90,CL,1569105902,70,-41.87,-73.83,282.15,1.5
409,srandakan,97,ID,1569105743,84,-7.94,110.25,296.4,2.11
410,thinadhoo,100,MV,1569105904,73,0.53,72.93,300.0,3.54
411,banda aceh,97,ID,1569105906,73,5.56,95.32,301.0,2.11
412,waddan,0,LY,1569105907,71,29.16,16.14,296.1,3.79
413,togur,100,RU,1569105908,76,58.36,82.83,276.6,2.69
414,kerema,100,PG,1569105910,84,-7.96,145.78,298.9,1.25
415,rabaul,73,PG,1569105911,73,-4.2,152.17,300.8,1.22
416,gopalpur,40,BD,1569105912,80,24.18,89.13,300.2,0.09
417,sao filipe,90,CV,1569105913,87,14.9,-24.5,300.7,5.19
418,ruteng,48,ID,1569105915,59,-8.61,120.46,301.1,0.45
419,truro,100,GB,1569105904,93,50.26,-5.05,290.93,4.6
420,san rafael,0,AR,1569105917,13,-34.61,-68.33,287.4,3.18
421,meadow lake,20,CA,1569105919,40,54.13,-108.44,293.15,5.7
422,auki,0,NG,1569105920,61,12.18,6.51,298.9,3.01
423,nishihara,1,JP,1569105921,82,35.74,139.53,297.04,2.1
424,charagua,75,BO,1569105922,49,-19.79,-63.2,293.15,1.87
425,turtas,100,RU,1569105924,94,58.94,69.13,278.4,3.0
426,buraydah,0,SA,1569105925,34,26.33,43.97,301.15,1.0
427,lagoa,75,PT,1569105927,100,37.14,-8.45,294.15,5.7
428,verkhoyansk,85,RU,1569105929,54,67.55,133.39,275.9,2.69
429,newport,1,US,1569105665,60,41.49,-71.31,297.15,2.1
430,yaan,44,NG,1569105931,90,7.38,8.57,296.7,2.02
431,ponferrada,78,ES,1569105936,99,42.55,-6.59,287.04,1.54
432,dengzhou,8,CN,1569105937,55,32.69,112.08,292.0,3.12
433,anadyr,20,RU,1569105938,64,64.73,177.51,275.15,8.0
434,haines junction,100,CA,1569105941,71,60.75,-137.51,280.6,3.26
435,bouna,37,CI,1569105942,89,9.27,-3.0,296.1,0.16
436,xichang,72,CN,1569105943,81,27.88,102.25,281.2,1.41
437,barcelos,0,BR,1569105945,60,-0.97,-62.93,300.1,0.53
438,sangar,100,RU,1569105946,96,63.92,127.47,273.9,7.78
439,dwarka,1,IN,1569105948,64,28.58,77.04,301.7,1.83
440,praia da vitoria,20,PT,1569105949,82,38.73,-27.07,292.15,6.33
441,vila velha,75,BR,1569105950,74,-3.71,-38.6,300.15,5.1
442,veraval,0,FR,1569105952,68,49.65,0.71,296.15,3.1
443,carire,0,BR,1569105953,68,-3.95,-40.47,298.7,2.42
444,shubarkuduk,80,KZ,1569105956,83,49.15,56.49,280.9,5.76
445,kandete,0,TZ,1569105957,84,-9.15,33.8,285.2,2.93
446,las vegas,1,US,1569105918,11,36.17,-115.15,302.59,2.6
447,paamiut,100,GL,1569105960,91,61.99,-49.67,277.2,1.27
448,mehamn,75,NO,1569105963,86,71.03,27.85,277.15,7.2
449,burnie,10,AU,1569105964,47,-41.05,145.91,286.48,2.24
450,chinchani,44,IN,1569105966,95,16.42,74.53,293.7,1.49
451,jumla,15,NP,1569105967,89,29.28,82.18,280.6,1.77
452,bandundu,100,CD,1569105969,88,-3.32,17.38,296.2,1.21
453,puerto madero,0,AR,1569105970,19,-34.61,-58.36,294.82,3.1
454,dukat,0,AL,1569105971,70,40.25,19.57,292.59,1.96
455,la ronge,40,CA,1569105973,55,55.1,-105.3,289.15,2.6
456,tuatapere,0,NZ,1569105974,70,-46.13,167.69,286.48,1.34
457,moerai,13,PF,1569105975,76,-22.43,-151.33,295.6,5.21
458,birao,16,CF,1569105977,90,10.3,22.78,295.8,2.38
459,raymondville,20,US,1569105978,54,37.34,-91.83,301.48,3.6
460,ornskoldsvik,100,SE,1569105981,82,63.29,18.72,280.15,4.1
461,faya,0,SA,1569105983,17,18.39,42.45,291.15,0.34
462,xuanhua,0,CN,1569105985,45,40.61,115.04,290.0,1.0
463,zemio,100,CF,1569105986,93,5.02,25.13,292.9,0.37
464,juneau,90,US,1569105988,82,58.3,-134.42,287.15,1.36
465,ketchikan,90,US,1569105989,93,55.34,-131.65,287.15,5.7
466,yumen,7,CN,1569105990,25,40.29,97.04,288.4,4.3
467,najran,0,SA,1569105991,18,17.54,44.22,296.15,1.32
468,la asuncion,46,AR,1569105993,45,-26.05,-65.39,282.0,2.09
469,manjacaze,0,MZ,1569105994,86,-24.71,33.88,290.4,2.56
470,ambilobe,0,MG,1569105995,75,-13.19,49.05,293.4,3.9
471,bilma,0,NE,1569105997,11,18.69,12.92,304.7,2.93
472,saint-francois,0,FR,1569105998,60,46.42,3.91,294.15,4.6
473,ballina,100,IE,1569105999,93,54.11,-9.15,289.26,4.47
474,roma,0,IT,1569105890,82,41.89,12.48,294.15,1.0
475,hofn,50,IS,1569106002,86,64.25,-15.21,276.3,0.64
476,black forest,75,AU,1569106004,87,-34.96,138.58,284.82,3.6
477,nsanje,0,MZ,1569106005,77,-16.92,35.26,292.3,2.63
478,arroyo,75,BO,1569106007,78,-11.08,-66.08,299.15,4.1
479,hualmay,82,PE,1569106008,90,-11.1,-77.61,289.4,5.48
480,tyukalinsk,100,RU,1569106009,85,55.87,72.2,282.1,10.39
481,roebourne,0,AU,1569106012,13,-20.77,117.15,294.0,10.22
482,nanchong,0,CN,1569106013,74,30.8,106.08,292.7,3.36
483,tashkent,0,UZ,1569106014,26,41.31,69.28,295.15,5.1
484,berezanka,54,UA,1569106016,45,46.86,31.39,285.0,5.01
485,sedro-woolley,1,US,1569106017,60,48.5,-122.23,294.82,3.1
486,krasnoarmeysk,90,RU,1569106018,93,56.12,38.15,278.15,4.0
487,tobane,0,BW,1569106021,35,-21.91,28.04,290.3,2.81
488,damavand,0,IR,1569106022,18,35.72,52.07,300.15,2.14
489,sisimiut,100,GL,1569106023,85,66.94,-53.67,278.0,5.05
490,rangapara,13,IN,1569106025,69,26.82,92.69,294.6,2.06
491,bac giang,0,VN,1569106026,54,21.27,106.2,299.15,2.6
492,susangerd,0,IR,1569106027,54,31.56,48.19,301.15,1.0
493,kolyvan,51,RU,1569106028,87,55.31,82.74,279.15,2.0
494,wadi maliz,20,TN,1569106030,78,36.47,8.55,296.15,1.0
495,porto velho,40,BR,1569105966,69,-8.75,-63.87,300.15,0.5
496,priiskovyy,3,RU,1569106032,69,51.93,116.63,285.0,2.54
497,staritsa,100,RU,1569106033,96,56.51,34.93,278.2,3.53
498,hokitika,69,NZ,1569106035,78,-42.72,170.96,283.9,2.72
499,manacapuru,0,BR,1569106036,46,-3.3,-60.62,306.15,1.5
500,ojinaga,1,US,1569106037,46,29.56,-104.41,305.15,2.6
501,beya,83,RU,1569106039,77,53.05,90.92,279.5,0.9
502,muzhi,49,RU,1569106040,81,65.4,64.7,273.7,3.07
503,wenling,42,CN,1569106041,59,28.38,121.38,300.93,6.34
504,ngunguru,0,NZ,1569106042,65,-35.62,174.5,290.37,2.68
505,kysyl-syr,98,RU,1569106044,92,63.9,122.77,280.1,3.04
506,kerman,0,IR,1569106045,11,30.29,57.06,290.15,2.1
507,grants pass,1,US,1569106046,36,42.44,-123.33,298.15,1.5
508,muros,75,ES,1569106048,93,42.77,-9.06,292.04,6.2
509,heihe,0,RU,1569106049,93,50.24,127.51,276.15,1.0
510,serebryanyy bor,71,RU,1569106050,92,56.8,124.8,278.7,0.68
511,rio gallegos,20,AR,1569105913,49,-51.62,-69.22,281.15,15.4
512,kamogata,75,JP,1569106053,94,34.53,133.58,294.15,4.6
513,bouloupari,20,NC,1569106054,47,-21.87,166.05,297.15,5.7
514,wonthaggi,1,AU,1569106055,74,-38.6,145.59,285.37,5.41
515,gravdal,9,NO,1569106058,93,59.79,5.78,284.82,1.0
516,constitucion,75,MX,1569106059,31,23.99,-104.67,299.15,2.1
517,vao,92,EE,1569106060,85,59.1,26.19,280.9,5.67
518,pilikwe,0,BW,1569106061,31,-22.8,27.19,291.4,4.94
519,franklin,1,US,1569105882,33,35.93,-86.87,305.15,2.6
520,bara,64,NG,1569106064,85,10.41,10.6,296.7,2.31
521,west bay,75,CA,1569106065,63,49.34,-123.21,293.71,3.1
522,french harbor,20,HN,1569106066,66,16.35,-86.43,304.15,3.6
523,jiuquan,0,CN,1569106069,26,39.73,98.49,288.8,3.23
524,natal,40,BR,1569106070,83,-5.81,-35.21,299.15,4.1
525,madang,0,CN,1569106071,65,35.32,102.79,274.3,0.55
526,yerofey pavlovich,8,RU,1569106073,83,53.97,121.97,282.4,0.85
527,koslan,54,RU,1569106074,98,63.46,48.9,271.0,1.77
528,luwuk,100,ID,1569106076,87,-0.95,122.79,292.4,1.33
529,nyagan,100,RU,1569106077,81,62.14,65.43,276.5,4.24
530,kikwit,67,CD,1569106078,89,-5.04,18.82,296.4,0.85
531,yar-sale,0,RU,1569106080,90,66.83,70.83,273.7,4.73
532,saint anthony,75,US,1569106081,54,43.97,-111.68,287.59,3.1
533,urucui,0,BR,1569106082,28,-7.23,-44.56,300.5,1.27
534,cairns,40,AU,1569106085,69,-16.92,145.77,299.26,5.1
535,kankakee,40,US,1569105853,83,41.12,-87.86,299.15,5.07
536,gafanha da encarnacao,40,PT,1569106087,100,40.62,-8.73,292.59,2.6
537,pauini,32,BR,1569106089,71,-7.71,-67.0,299.6,1.46
538,masallatah,24,LY,1569106090,96,32.62,14.0,295.1,6.07
539,beja,75,PT,1569106091,93,38.02,-7.87,292.15,4.6
540,boshnyakovo,96,RU,1569106093,86,49.65,142.17,285.2,4.77
541,surab,0,PK,1569106094,35,28.49,66.26,292.2,1.41
542,akranes,75,IS,1569106096,81,64.32,-22.07,286.15,5.1
543,ca mau,100,VN,1569105867,88,9.18,105.15,299.4,0.6
544,finnsnes,97,NO,1569106099,93,69.23,17.98,275.15,6.2
545,sosva,99,RU,1569106101,98,59.17,61.86,278.4,1.71
546,saurimo,61,AO,1569106103,69,-9.66,20.4,293.4,1.67
547,victoria,75,BN,1569106104,83,5.28,115.24,301.15,2.1
548,huarmey,100,PE,1569106105,92,-10.07,-78.15,289.2,6.22
549,benguela,97,AO,1569106107,82,-12.58,13.4,294.0,2.59
550,cody,40,US,1569106108,8,44.53,-109.06,288.71,3.59
551,lompoc,1,US,1569106109,47,34.64,-120.46,303.15,7.2
552,cullen,75,GY,1569106111,79,7.16,-58.48,302.15,5.1
553,maceio,20,BR,1569106112,88,-9.67,-35.74,296.15,2.6
